index,candidate,status,divisor,r,polynomial_checks,candidate_ms,elapsed_ms
1,2407784697,sieve_rejected,3,0,0,0.001666,0.008000
2,2407784699,sieve_rejected,43,0,0,0.001083,0.010708
3,2407784701,sieve_rejected,7,0,0,0.000791,0.012625
4,2407784703,sieve_rejected,3,0,0,0.000500,0.014166
5,2407784705,sieve_rejected,5,0,0,0.000459,0.015416
6,2407784707,sieve_rejected,239,0,0,0.001542,0.017791
7,2407784709,sieve_rejected,3,0,0,0.000459,0.019125
8,2407784711,sieve_rejected,29,0,0,0.000792,0.020750
9,2407784713,composite,0,1039,1,34.892250,34.914208
10,2407784715,sieve_rejected,3,0,0,0.001167,34.917000
11,2407784717,sieve_rejected,13,0,0,0.000542,34.918458
12,2407784719,prime,0,1049,1056,35497.261083,35532.184375
