case,first,second,count
c0_best,0,0,0
c0_best,0,1,0
c0_best,0,2,0
c0_best,0,3,0
c0_best,0,4,0
c0_best,0,5,0
c0_best,0,6,0
c0_best,0,7,0
c0_best,0,8,0
c0_best,0,9,0
c0_best,1,0,0
c0_best,1,1,0
c0_best,1,2,0
c0_best,1,3,0
c0_best,1,4,0
c0_best,1,5,0
c0_best,1,6,0
c0_best,1,7,2499
c0_best,1,8,0
c0_best,1,9,0
c0_best,2,0,0
c0_best,2,1,0
c0_best,2,2,0
c0_best,2,3,0
c0_best,2,4,0
c0_best,2,5,0
c0_best,2,6,0
c0_best,2,7,0
c0_best,2,8,0
c0_best,2,9,0
c0_best,3,0,0
c0_best,3,1,2500
c0_best,3,2,0
c0_best,3,3,0
c0_best,3,4,0
c0_best,3,5,0
c0_best,3,6,0
c0_best,3,7,0
c0_best,3,8,0
c0_best,3,9,0
c0_best,4,0,0
c0_best,4,1,0
c0_best,4,2,0
c0_best,4,3,0
c0_best,4,4,0
c0_best,4,5,0
c0_best,4,6,0
c0_best,4,7,0
c0_best,4,8,0
c0_best,4,9,0
c0_best,5,0,0
c0_best,5,1,0
c0_best,5,2,0
c0_best,5,3,0
c0_best,5,4,0
c0_best,5,5,0
c0_best,5,6,0
c0_best,5,7,0
c0_best,5,8,0
c0_best,5,9,0
c0_best,6,0,0
c0_best,6,1,0
c0_best,6,2,0
c0_best,6,3,0
c0_best,6,4,0
c0_best,6,5,0
c0_best,6,6,0
c0_best,6,7,0
c0_best,6,8,0
c0_best,6,9,0
c0_best,7,0,0
c0_best,7,1,0
c0_best,7,2,0
c0_best,7,3,0
c0_best,7,4,0
c0_best,7,5,0
c0_best,7,6,0
c0_best,7,7,0
c0_best,7,8,0
c0_best,7,9,2500
c0_best,8,0,0
c0_best,8,1,0
c0_best,8,2,0
c0_best,8,3,0
c0_best,8,4,0
c0_best,8,5,0
c0_best,8,6,0
c0_best,8,7,0
c0_best,8,8,0
c0_best,8,9,0
c0_best,9,0,0
c0_best,9,1,0
c0_best,9,2,0
c0_best,9,3,2500
c0_best,9,4,0
c0_best,9,5,0
c0_best,9,6,0
c0_best,9,7,0
c0_best,9,8,0
c0_best,9,9,0
c0_zero_seed,0,0,9999
c0_zero_seed,0,1,0
c0_zero_seed,0,2,0
c0_zero_seed,0,3,0
c0_zero_seed,0,4,0
c0_zero_seed,0,5,0
c0_zero_seed,0,6,0
c0_zero_seed,0,7,0
c0_zero_seed,0,8,0
c0_zero_seed,0,9,0
c0_zero_seed,1,0,0
c0_zero_seed,1,1,0
c0_zero_seed,1,2,0
c0_zero_seed,1,3,0
c0_zero_seed,1,4,0
c0_zero_seed,1,5,0
c0_zero_seed,1,6,0
c0_zero_seed,1,7,0
c0_zero_seed,1,8,0
c0_zero_seed,1,9,0
c0_zero_seed,2,0,0
c0_zero_seed,2,1,0
c0_zero_seed,2,2,0
c0_zero_seed,2,3,0
c0_zero_seed,2,4,0
c0_zero_seed,2,5,0
c0_zero_seed,2,6,0
c0_zero_seed,2,7,0
c0_zero_seed,2,8,0
c0_zero_seed,2,9,0
c0_zero_seed,3,0,0
c0_zero_seed,3,1,0
c0_zero_seed,3,2,0
c0_zero_seed,3,3,0
c0_zero_seed,3,4,0
c0_zero_seed,3,5,0
c0_zero_seed,3,6,0
c0_zero_seed,3,7,0
c0_zero_seed,3,8,0
c0_zero_seed,3,9,0
c0_zero_seed,4,0,0
c0_zero_seed,4,1,0
c0_zero_seed,4,2,0
c0_zero_seed,4,3,0
c0_zero_seed,4,4,0
c0_zero_seed,4,5,0
c0_zero_seed,4,6,0
c0_zero_seed,4,7,0
c0_zero_seed,4,8,0
c0_zero_seed,4,9,0
c0_zero_seed,5,0,0
c0_zero_seed,5,1,0
c0_zero_seed,5,2,0
c0_zero_seed,5,3,0
c0_zero_seed,5,4,0
c0_zero_seed,5,5,0
c0_zero_seed,5,6,0
c0_zero_seed,5,7,0
c0_zero_seed,5,8,0
c0_zero_seed,5,9,0
c0_zero_seed,6,0,0
c0_zero_seed,6,1,0
c0_zero_seed,6,2,0
c0_zero_seed,6,3,0
c0_zero_seed,6,4,0
c0_zero_seed,6,5,0
c0_zero_seed,6,6,0
c0_zero_seed,6,7,0
c0_zero_seed,6,8,0
c0_zero_seed,6,9,0
c0_zero_seed,7,0,0
c0_zero_seed,7,1,0
c0_zero_seed,7,2,0
c0_zero_seed,7,3,0
c0_zero_seed,7,4,0
c0_zero_seed,7,5,0
c0_zero_seed,7,6,0
c0_zero_seed,7,7,0
c0_zero_seed,7,8,0
c0_zero_seed,7,9,0
c0_zero_seed,8,0,0
c0_zero_seed,8,1,0
c0_zero_seed,8,2,0
c0_zero_seed,8,3,0
c0_zero_seed,8,4,0
c0_zero_seed,8,5,0
c0_zero_seed,8,6,0
c0_zero_seed,8,7,0
c0_zero_seed,8,8,0
c0_zero_seed,8,9,0
c0_zero_seed,9,0,0
c0_zero_seed,9,1,0
c0_zero_seed,9,2,0
c0_zero_seed,9,3,0
c0_zero_seed,9,4,0
c0_zero_seed,9,5,0
c0_zero_seed,9,6,0
c0_zero_seed,9,7,0
c0_zero_seed,9,8,0
c0_zero_seed,9,9,0
mixed_best,0,0,0
mixed_best,0,1,999
mixed_best,0,2,0
mixed_best,0,3,0
mixed_best,0,4,0
mixed_best,0,5,0
mixed_best,0,6,0
mixed_best,0,7,0
mixed_best,0,8,0
mixed_best,0,9,0
mixed_best,1,0,0
mixed_best,1,1,0
mixed_best,1,2,1000
mixed_best,1,3,0
mixed_best,1,4,0
mixed_best,1,5,0
mixed_best,1,6,0
mixed_best,1,7,0
mixed_best,1,8,0
mixed_best,1,9,0
mixed_best,2,0,0
mixed_best,2,1,0
mixed_best,2,2,0
mixed_best,2,3,1000
mixed_best,2,4,0
mixed_best,2,5,0
mixed_best,2,6,0
mixed_best,2,7,0
mixed_best,2,8,0
mixed_best,2,9,0
mixed_best,3,0,0
mixed_best,3,1,0
mixed_best,3,2,0
mixed_best,3,3,0
mixed_best,3,4,1000
mixed_best,3,5,0
mixed_best,3,6,0
mixed_best,3,7,0
mixed_best,3,8,0
mixed_best,3,9,0
mixed_best,4,0,0
mixed_best,4,1,0
mixed_best,4,2,0
mixed_best,4,3,0
mixed_best,4,4,0
mixed_best,4,5,1000
mixed_best,4,6,0
mixed_best,4,7,0
mixed_best,4,8,0
mixed_best,4,9,0
mixed_best,5,0,0
mixed_best,5,1,0
mixed_best,5,2,0
mixed_best,5,3,0
mixed_best,5,4,0
mixed_best,5,5,0
mixed_best,5,6,1000
mixed_best,5,7,0
mixed_best,5,8,0
mixed_best,5,9,0
mixed_best,6,0,0
mixed_best,6,1,0
mixed_best,6,2,0
mixed_best,6,3,0
mixed_best,6,4,0
mixed_best,6,5,0
mixed_best,6,6,0
mixed_best,6,7,1000
mixed_best,6,8,0
mixed_best,6,9,0
mixed_best,7,0,0
mixed_best,7,1,0
mixed_best,7,2,0
mixed_best,7,3,0
mixed_best,7,4,0
mixed_best,7,5,0
mixed_best,7,6,0
mixed_best,7,7,0
mixed_best,7,8,1000
mixed_best,7,9,0
mixed_best,8,0,0
mixed_best,8,1,0
mixed_best,8,2,0
mixed_best,8,3,0
mixed_best,8,4,0
mixed_best,8,5,0
mixed_best,8,6,0
mixed_best,8,7,0
mixed_best,8,8,0
mixed_best,8,9,1000
mixed_best,9,0,1000
mixed_best,9,1,0
mixed_best,9,2,0
mixed_best,9,3,0
mixed_best,9,4,0
mixed_best,9,5,0
mixed_best,9,6,0
mixed_best,9,7,0
mixed_best,9,8,0
mixed_best,9,9,0
mixed_seed7,0,0,0
mixed_seed7,0,1,1000
mixed_seed7,0,2,0
mixed_seed7,0,3,0
mixed_seed7,0,4,0
mixed_seed7,0,5,0
mixed_seed7,0,6,0
mixed_seed7,0,7,0
mixed_seed7,0,8,0
mixed_seed7,0,9,0
mixed_seed7,1,0,0
mixed_seed7,1,1,0
mixed_seed7,1,2,1000
mixed_seed7,1,3,0
mixed_seed7,1,4,0
mixed_seed7,1,5,0
mixed_seed7,1,6,0
mixed_seed7,1,7,0
mixed_seed7,1,8,0
mixed_seed7,1,9,0
mixed_seed7,2,0,0
mixed_seed7,2,1,0
mixed_seed7,2,2,0
mixed_seed7,2,3,1000
mixed_seed7,2,4,0
mixed_seed7,2,5,0
mixed_seed7,2,6,0
mixed_seed7,2,7,0
mixed_seed7,2,8,0
mixed_seed7,2,9,0
mixed_seed7,3,0,0
mixed_seed7,3,1,0
mixed_seed7,3,2,0
mixed_seed7,3,3,0
mixed_seed7,3,4,1000
mixed_seed7,3,5,0
mixed_seed7,3,6,0
mixed_seed7,3,7,0
mixed_seed7,3,8,0
mixed_seed7,3,9,0
mixed_seed7,4,0,0
mixed_seed7,4,1,0
mixed_seed7,4,2,0
mixed_seed7,4,3,0
mixed_seed7,4,4,0
mixed_seed7,4,5,1000
mixed_seed7,4,6,0
mixed_seed7,4,7,0
mixed_seed7,4,8,0
mixed_seed7,4,9,0
mixed_seed7,5,0,0
mixed_seed7,5,1,0
mixed_seed7,5,2,0
mixed_seed7,5,3,0
mixed_seed7,5,4,0
mixed_seed7,5,5,0
mixed_seed7,5,6,1000
mixed_seed7,5,7,0
mixed_seed7,5,8,0
mixed_seed7,5,9,0
mixed_seed7,6,0,0
mixed_seed7,6,1,0
mixed_seed7,6,2,0
mixed_seed7,6,3,0
mixed_seed7,6,4,0
mixed_seed7,6,5,0
mixed_seed7,6,6,0
mixed_seed7,6,7,1000
mixed_seed7,6,8,0
mixed_seed7,6,9,0
mixed_seed7,7,0,0
mixed_seed7,7,1,0
mixed_seed7,7,2,0
mixed_seed7,7,3,0
mixed_seed7,7,4,0
mixed_seed7,7,5,0
mixed_seed7,7,6,0
mixed_seed7,7,7,0
mixed_seed7,7,8,999
mixed_seed7,7,9,0
mixed_seed7,8,0,0
mixed_seed7,8,1,0
mixed_seed7,8,2,0
mixed_seed7,8,3,0
mixed_seed7,8,4,0
mixed_seed7,8,5,0
mixed_seed7,8,6,0
mixed_seed7,8,7,0
mixed_seed7,8,8,0
mixed_seed7,8,9,1000
mixed_seed7,9,0,1000
mixed_seed7,9,1,0
mixed_seed7,9,2,0
mixed_seed7,9,3,0
mixed_seed7,9,4,0
mixed_seed7,9,5,0
mixed_seed7,9,6,0
mixed_seed7,9,7,0
mixed_seed7,9,8,0
mixed_seed7,9,9,0
mixed_c2,0,0,0
mixed_c2,0,1,0
mixed_c2,0,2,1999
mixed_c2,0,3,0
mixed_c2,0,4,0
mixed_c2,0,5,0
mixed_c2,0,6,0
mixed_c2,0,7,0
mixed_c2,0,8,0
mixed_c2,0,9,0
mixed_c2,1,0,0
mixed_c2,1,1,0
mixed_c2,1,2,0
mixed_c2,1,3,0
mixed_c2,1,4,0
mixed_c2,1,5,0
mixed_c2,1,6,0
mixed_c2,1,7,0
mixed_c2,1,8,0
mixed_c2,1,9,0
mixed_c2,2,0,0
mixed_c2,2,1,0
mixed_c2,2,2,0
mixed_c2,2,3,0
mixed_c2,2,4,2000
mixed_c2,2,5,0
mixed_c2,2,6,0
mixed_c2,2,7,0
mixed_c2,2,8,0
mixed_c2,2,9,0
mixed_c2,3,0,0
mixed_c2,3,1,0
mixed_c2,3,2,0
mixed_c2,3,3,0
mixed_c2,3,4,0
mixed_c2,3,5,0
mixed_c2,3,6,0
mixed_c2,3,7,0
mixed_c2,3,8,0
mixed_c2,3,9,0
mixed_c2,4,0,0
mixed_c2,4,1,0
mixed_c2,4,2,0
mixed_c2,4,3,0
mixed_c2,4,4,0
mixed_c2,4,5,0
mixed_c2,4,6,2000
mixed_c2,4,7,0
mixed_c2,4,8,0
mixed_c2,4,9,0
mixed_c2,5,0,0
mixed_c2,5,1,0
mixed_c2,5,2,0
mixed_c2,5,3,0
mixed_c2,5,4,0
mixed_c2,5,5,0
mixed_c2,5,6,0
mixed_c2,5,7,0
mixed_c2,5,8,0
mixed_c2,5,9,0
mixed_c2,6,0,0
mixed_c2,6,1,0
mixed_c2,6,2,0
mixed_c2,6,3,0
mixed_c2,6,4,0
mixed_c2,6,5,0
mixed_c2,6,6,0
mixed_c2,6,7,0
mixed_c2,6,8,2000
mixed_c2,6,9,0
mixed_c2,7,0,0
mixed_c2,7,1,0
mixed_c2,7,2,0
mixed_c2,7,3,0
mixed_c2,7,4,0
mixed_c2,7,5,0
mixed_c2,7,6,0
mixed_c2,7,7,0
mixed_c2,7,8,0
mixed_c2,7,9,0
mixed_c2,8,0,2000
mixed_c2,8,1,0
mixed_c2,8,2,0
mixed_c2,8,3,0
mixed_c2,8,4,0
mixed_c2,8,5,0
mixed_c2,8,6,0
mixed_c2,8,7,0
mixed_c2,8,8,0
mixed_c2,8,9,0
mixed_c2,9,0,0
mixed_c2,9,1,0
mixed_c2,9,2,0
mixed_c2,9,3,0
mixed_c2,9,4,0
mixed_c2,9,5,0
mixed_c2,9,6,0
mixed_c2,9,7,0
mixed_c2,9,8,0
mixed_c2,9,9,0
nonlinear_short,0,0,0
nonlinear_short,0,1,0
nonlinear_short,0,2,0
nonlinear_short,0,3,0
nonlinear_short,0,4,0
nonlinear_short,0,5,0
nonlinear_short,0,6,0
nonlinear_short,0,7,0
nonlinear_short,0,8,0
nonlinear_short,0,9,0
nonlinear_short,1,0,0
nonlinear_short,1,1,0
nonlinear_short,1,2,0
nonlinear_short,1,3,1
nonlinear_short,1,4,0
nonlinear_short,1,5,0
nonlinear_short,1,6,0
nonlinear_short,1,7,0
nonlinear_short,1,8,0
nonlinear_short,1,9,0
nonlinear_short,2,0,0
nonlinear_short,2,1,0
nonlinear_short,2,2,0
nonlinear_short,2,3,0
nonlinear_short,2,4,0
nonlinear_short,2,5,0
nonlinear_short,2,6,0
nonlinear_short,2,7,0
nonlinear_short,2,8,0
nonlinear_short,2,9,0
nonlinear_short,3,0,0
nonlinear_short,3,1,0
nonlinear_short,3,2,0
nonlinear_short,3,3,9998
nonlinear_short,3,4,0
nonlinear_short,3,5,0
nonlinear_short,3,6,0
nonlinear_short,3,7,0
nonlinear_short,3,8,0
nonlinear_short,3,9,0
nonlinear_short,4,0,0
nonlinear_short,4,1,0
nonlinear_short,4,2,0
nonlinear_short,4,3,0
nonlinear_short,4,4,0
nonlinear_short,4,5,0
nonlinear_short,4,6,0
nonlinear_short,4,7,0
nonlinear_short,4,8,0
nonlinear_short,4,9,0
nonlinear_short,5,0,0
nonlinear_short,5,1,0
nonlinear_short,5,2,0
nonlinear_short,5,3,0
nonlinear_short,5,4,0
nonlinear_short,5,5,0
nonlinear_short,5,6,0
nonlinear_short,5,7,0
nonlinear_short,5,8,0
nonlinear_short,5,9,0
nonlinear_short,6,0,0
nonlinear_short,6,1,0
nonlinear_short,6,2,0
nonlinear_short,6,3,0
nonlinear_short,6,4,0
nonlinear_short,6,5,0
nonlinear_short,6,6,0
nonlinear_short,6,7,0
nonlinear_short,6,8,0
nonlinear_short,6,9,0
nonlinear_short,7,0,0
nonlinear_short,7,1,0
nonlinear_short,7,2,0
nonlinear_short,7,3,0
nonlinear_short,7,4,0
nonlinear_short,7,5,0
nonlinear_short,7,6,0
nonlinear_short,7,7,0
nonlinear_short,7,8,0
nonlinear_short,7,9,0
nonlinear_short,8,0,0
nonlinear_short,8,1,0
nonlinear_short,8,2,0
nonlinear_short,8,3,0
nonlinear_short,8,4,0
nonlinear_short,8,5,0
nonlinear_short,8,6,0
nonlinear_short,8,7,0
nonlinear_short,8,8,0
nonlinear_short,8,9,0
nonlinear_short,9,0,0
nonlinear_short,9,1,0
nonlinear_short,9,2,0
nonlinear_short,9,3,0
nonlinear_short,9,4,0
nonlinear_short,9,5,0
nonlinear_short,9,6,0
nonlinear_short,9,7,0
nonlinear_short,9,8,0
nonlinear_short,9,9,0
