bits,seed,sieve_bound,start,prime,candidates,sieve_rejected,aks_rejected,aks_calls,elapsed_ms
8,0,0,143,149,4,0,3,4,14.031750
8,0,256,143,149,4,3,0,1,12.843208
8,0,2000,143,149,4,3,0,1,12.840708
10,0,0,575,577,2,0,1,2,44.597333
10,0,256,575,577,2,1,0,1,35.545958
10,0,2000,575,577,2,1,0,1,35.095917
12,0,0,2297,2297,1,0,0,1,117.799750
12,0,256,2297,2297,1,0,0,1,89.749875
12,0,2000,2297,2297,1,0,0,1,88.116000
16,0,0,36739,36739,1,0,0,1,399.677292
16,0,256,36739,36739,1,0,0,1,399.286334
16,0,2000,36739,36739,1,0,0,1,400.208333
