case,d,a,c,seed,length,transient,period,chi_square,entropy,serial_correlation,pair_chi_square,count_0,count_1,count_2,count_3,count_4,count_5,count_6,count_7,count_8,count_9
c0_best,5,2,0,1,100,0,4,150.0,2.0,0.008163418307899387,2376.7575757575764,0,25,0,25,0,0,0,25,0,25
c0_best,5,2,0,1,1000,0,4,1500.0,2.0,0.0008016033512803325,23976.07507507507,0,250,0,250,0,0,0,250,0,250
c0_best,5,2,0,1,10000,0,4,15000.0,2.0,8.001600334472657e-05,239976.0075007501,0,2500,0,2500,0,0,0,2500,0,2500
c0_zero_seed,5,2,0,0,100,0,1,900.0,-0.0,,9801.0,100,0,0,0,0,0,0,0,0,0
c0_zero_seed,5,2,0,0,1000,0,1,9000.0,-0.0,,98900.99999999999,1000,0,0,0,0,0,0,0,0,0
c0_zero_seed,5,2,0,0,10000,0,1,90000.0,-0.0,,989901.0000000001,10000,0,0,0,0,0,0,0,0,0
mixed_best,5,6,1,0,100,0,10,0.0,3.3219280948873626,0.44410298348985605,891.9090909090909,10,10,10,10,10,10,10,10,10,10
mixed_best,5,6,1,0,1000,0,10,0.0,3.3219280948873626,0.4535287144970355,8991.09009009009,100,100,100,100,100,100,100,100,100,100
mixed_best,5,6,1,0,10000,0,10,0.0,3.3219280948873626,0.45444404755449064,89991.00900090009,1000,1000,1000,1000,1000,1000,1000,1000,1000,1000
mixed_seed7,5,6,1,7,100,0,10,0.0,3.3219280948873626,0.44891950678296744,891.9090909090909,10,10,10,10,10,10,10,10,10,10
mixed_seed7,5,6,1,7,1000,0,10,0.0,3.3219280948873626,0.453993349305696,8991.09009009009,100,100,100,100,100,100,100,100,100,100
mixed_seed7,5,6,1,7,10000,0,10,0.0,3.3219280948873626,0.45449034673774,89991.00900090009,1000,1000,1000,1000,1000,1000,1000,1000,1000,1000
mixed_c2,5,6,2,0,100,0,5,100.0,2.321928094887362,-0.01023048016325311,1881.808080808081,20,0,20,0,20,0,20,0,20,0
mixed_c2,5,6,2,0,1000,0,5,1000.0,2.321928094887362,-0.0010022553570734442,18981.080080080075,200,0,200,0,200,0,200,0,200,0
mixed_c2,5,6,2,0,10000,0,5,10000.0,2.321928094887362,-0.00010002250534507926,189981.0080008001,2000,0,2000,0,2000,0,2000,0,2000,0
nonlinear_short,1,1,1,0,100,2,1,880.2,0.08079313589591118,,9603.020202020203,0,1,0,99,0,0,0,0,0,0
nonlinear_short,1,1,1,0,1000,2,1,8980.02,0.011407757737461138,,98701.20020020018,0,1,0,999,0,0,0,0,0,0
nonlinear_short,1,1,1,0,10000,2,1,89980.00200000001,0.0014730335283281598,,989701.0200020004,0,1,0,9999,0,0,0,0,0,0
