family,k,r,n,rows,cols,planes,groups,distance,errors,trials,detected,restored,rejected,miscorrected,seed
hamming,16,5,21,0,0,0,0,3,0,3000,0,3000,0,0,11
hamming,16,5,21,0,0,0,0,3,1,3000,3000,3000,0,0,11
hamming,16,5,21,0,0,0,0,3,2,3000,3000,0,909,2091,11
hamming,16,5,21,0,0,0,0,3,3,3000,2890,0,1016,1874,11
hamming,16,5,21,0,0,0,0,3,4,3000,2903,0,936,1967,11
hamming,16,5,21,0,0,0,0,3,5,3000,2904,0,972,1932,11
hamming,16,6,22,0,0,0,0,4,0,3000,0,3000,0,0,11
hamming,16,6,22,0,0,0,0,4,1,3000,3000,3000,0,0,11
hamming,16,6,22,0,0,0,0,4,2,3000,3000,0,3000,0,11
hamming,16,6,22,0,0,0,0,4,3,3000,3000,0,1019,1981,11
hamming,16,6,22,0,0,0,0,4,4,3000,2895,0,2895,0,11
hamming,16,6,22,0,0,0,0,4,5,3000,3000,0,922,2078,11
iterative,16,8,24,4,4,1,2,0,0,3000,0,3000,0,0,11
iterative,16,8,24,4,4,1,2,0,1,3000,3000,3000,0,0,11
iterative,16,8,24,4,4,1,2,0,2,3000,3000,0,2468,532,11
iterative,16,8,24,4,4,1,2,0,3,3000,2983,0,2503,480,11
iterative,16,8,24,4,4,1,2,0,4,3000,2966,0,2660,306,11
iterative,16,8,24,4,4,1,2,0,5,3000,2989,0,2668,321,11
iterative,16,9,25,4,4,1,3,0,0,3000,0,3000,0,0,11
iterative,16,9,25,4,4,1,3,0,1,3000,3000,3000,0,0,11
iterative,16,9,25,4,4,1,3,0,2,3000,3000,0,3000,0,11
iterative,16,9,25,4,4,1,3,0,3,3000,3000,0,2500,500,11
iterative,16,9,25,4,4,1,3,0,4,3000,2976,0,2976,0,11
iterative,16,9,25,4,4,1,3,0,5,3000,3000,0,2717,283,11
iterative,16,10,26,8,2,1,2,0,0,3000,0,3000,0,0,11
iterative,16,10,26,8,2,1,2,0,1,3000,3000,3000,0,0,11
iterative,16,10,26,8,2,1,2,0,2,3000,3000,0,2584,416,11
iterative,16,10,26,8,2,1,2,0,3,3000,2979,0,2536,443,11
iterative,16,10,26,8,2,1,2,0,4,3000,2986,0,2795,191,11
iterative,16,10,26,8,2,1,2,0,5,3000,2996,0,2804,192,11
iterative,16,11,27,8,2,1,3,0,0,3000,0,3000,0,0,11
iterative,16,11,27,8,2,1,3,0,1,3000,3000,3000,0,0,11
iterative,16,11,27,8,2,1,3,0,2,3000,3000,0,3000,0,11
iterative,16,11,27,8,2,1,3,0,3,3000,3000,0,2512,488,11
iterative,16,11,27,8,2,1,3,0,4,3000,2985,0,2985,0,11
iterative,16,11,27,8,2,1,3,0,5,3000,3000,0,2803,197,11
iterative,16,12,28,4,2,2,2,0,0,3000,0,3000,0,0,11
iterative,16,12,28,4,2,2,2,0,1,3000,3000,3000,0,0,11
iterative,16,12,28,4,2,2,2,0,2,3000,3000,0,2598,402,11
iterative,16,12,28,4,2,2,2,0,3,3000,2990,0,2814,176,11
iterative,16,12,28,4,2,2,2,0,4,3000,2990,0,2898,92,11
iterative,16,12,28,4,2,2,2,0,5,3000,3000,0,2934,66,11
iterative,16,22,38,4,2,2,3,0,0,3000,0,3000,0,0,11
iterative,16,22,38,4,2,2,3,0,1,3000,3000,3000,0,0,11
iterative,16,22,38,4,2,2,3,0,2,3000,3000,0,3000,0,11
iterative,16,22,38,4,2,2,3,0,3,3000,3000,0,2984,16,11
iterative,16,22,38,4,2,2,3,0,4,3000,3000,0,3000,0,11
iterative,16,22,38,4,2,2,3,0,5,3000,3000,0,2997,3,11
iterative,16,32,48,4,2,2,4,0,0,3000,0,3000,0,0,11
iterative,16,32,48,4,2,2,4,0,1,3000,3000,3000,0,0,11
iterative,16,32,48,4,2,2,4,0,2,3000,3000,0,3000,0,11
iterative,16,32,48,4,2,2,4,0,3,3000,3000,0,3000,0,11
iterative,16,32,48,4,2,2,4,0,4,3000,3000,0,3000,0,11
iterative,16,32,48,4,2,2,4,0,5,3000,3000,0,3000,0,11
iterative,16,40,56,4,2,2,5,0,0,3000,0,3000,0,0,11
iterative,16,40,56,4,2,2,5,0,1,3000,3000,3000,0,0,11
iterative,16,40,56,4,2,2,5,0,2,3000,3000,0,3000,0,11
iterative,16,40,56,4,2,2,5,0,3,3000,3000,0,3000,0,11
iterative,16,40,56,4,2,2,5,0,4,3000,3000,0,3000,0,11
iterative,16,40,56,4,2,2,5,0,5,3000,3000,0,2999,1,11
iterative,16,12,28,2,4,2,2,0,0,3000,0,3000,0,0,11
iterative,16,12,28,2,4,2,2,0,1,3000,3000,3000,0,0,11
iterative,16,12,28,2,4,2,2,0,2,3000,3000,0,2611,389,11
iterative,16,12,28,2,4,2,2,0,3,3000,2989,0,2839,150,11
iterative,16,12,28,2,4,2,2,0,4,3000,2997,0,2920,77,11
iterative,16,12,28,2,4,2,2,0,5,3000,2999,0,2945,54,11
iterative,16,22,38,2,4,2,3,0,0,3000,0,3000,0,0,11
iterative,16,22,38,2,4,2,3,0,1,3000,3000,3000,0,0,11
iterative,16,22,38,2,4,2,3,0,2,3000,3000,0,3000,0,11
iterative,16,22,38,2,4,2,3,0,3,3000,3000,0,2979,21,11
iterative,16,22,38,2,4,2,3,0,4,3000,2999,0,2999,0,11
iterative,16,22,38,2,4,2,3,0,5,3000,3000,0,2994,6,11
iterative,16,32,48,2,4,2,4,0,0,3000,0,3000,0,0,11
iterative,16,32,48,2,4,2,4,0,1,3000,3000,3000,0,0,11
iterative,16,32,48,2,4,2,4,0,2,3000,3000,0,3000,0,11
iterative,16,32,48,2,4,2,4,0,3,3000,3000,0,3000,0,11
iterative,16,32,48,2,4,2,4,0,4,3000,3000,0,2998,2,11
iterative,16,32,48,2,4,2,4,0,5,3000,3000,0,3000,0,11
iterative,16,40,56,2,4,2,5,0,0,3000,0,3000,0,0,11
iterative,16,40,56,2,4,2,5,0,1,3000,3000,3000,0,0,11
iterative,16,40,56,2,4,2,5,0,2,3000,3000,0,3000,0,11
iterative,16,40,56,2,4,2,5,0,3,3000,3000,0,3000,0,11
iterative,16,40,56,2,4,2,5,0,4,3000,3000,0,3000,0,11
iterative,16,40,56,2,4,2,5,0,5,3000,3000,0,3000,0,11
